id,seq,pIC50,starred
1,AAP,4.52,False
2,ADA,3.83,True
3,AEL,4.24,True
4,AFL,4.2,False
5,AGP,3.25,False
6,ALP,3.62,False
7,AQL,4.24,True
8,AVP,3.47,False
9,DLP,5.32,True
10,FAL,4.58,False
11,FCF,4.96,True
12,FDK,3.41,False
13,FEP,4.92,False
14,FFF,4.8,False
15,FFG,3.29,True
16,FFL,4.43,False
17,FFP,4.92,True
18,FGF,4.71,False
19,FGG,3.21,False
20,FGK,3.8,True
21,FIV,3.96,False
22,FNF,5.16,True
23,FPF,4.68,True
24,FPK,3.55,False
25,FPP,4.5,False
26,FQP,4.92,False
27,FWN,4.74,True
28,FYN,4.74,False
29,GEG,3.72,True
30,GFF,4.98,False
31,GFG,3.47,False
32,GGF,4.89,False
33,GGG,3.39,False
34,GGP,4.72,False
35,GKV,5.41,False
36,GLG,3.55,True
37,GLY,5.05,False
38,GPL,5.59,True
39,GPM,4.77,False
40,GPP,4.92,True
41,GQP,5.49,True
42,GRP,4.7,False
43,GSH,4.49,True
44,GVV,4.18,False
45,GYG,3.67,False
46,GYY,4.93,False
47,HIR,3.02,False
48,HLL,4.24,False
49,HQG,3.13,False
50,IAE,4.46,False
51,IAP,5.57,False
52,IAQ,4.46,False
53,IFL,4.35,False
54,IKP,5.68,False
55,IKY,6.68,False
56,ILP,4.49,False
57,IMY,5.74,False
58,IPA,3.85,False
59,IPP,5.3,False
60,IRA,5.01,False
61,IRP,5.74,False
62,ITF,4.31,False
63,IVQ,4.02,False
64,IVY,5.84,False
65,IWH,5.46,False
66,IYP,4.21,False
67,KPF,4.49,False
68,LAA,4.89,False
69,LAP,5.73,False
70,LAY,5.41,True
71,LDP,4.37,False
72,LEE,4.0,False
73,LEL,4.81,False
74,LEP,5.24,False
75,LGI,4.54,False
76,LGL,4.48,False
77,LIY,6.09,False
78,LKA,5.07,False
79,LKP,6.02,False
80,LKY,6.11,True
81,LLF,4.1,False
82,LLL,4.65,True
83,LLP,4.8,False
84,LPF,4.4,False
85,LPP,5.02,False
86,LRP,6.21,False
87,LQP,5.83,False
88,LQW,5.42,True
89,LSA,5.11,False
90,LSP,5.77,False
91,LTF,5.56,False
92,LVL,5.19,False
93,LVQ,4.85,False
94,LVR,4.85,True
95,LVY,5.74,False
96,LWA,4.9,False
97,LWY,5.3,False
98,LYP,5.18,True
99,MNP,4.18,False
100,PFP,4.26,True
101,PGI,3.77,True
102,PGG,2.86,False
103,PGL,4.86,False
104,PGP,4.18,True
105,PGR,3.33,False
106,PIP,4.31,False
107,PLW,4.44,False
108,PPG,2.82,False
109,PPP,4.14,False
110,PSY,4.8,True
111,PWP,3.66,True
112,PYP,3.66,False
113,PFH,3.48,False
114,RGP,4.27,True
115,RPG,2.91,True
116,RPP,4.22,False
117,RRR,4.23,False
118,SVY,5.09,True
119,TNP,3.68,False
120,VAA,4.89,False
121,VAF,4.45,False
122,VGP,4.58,False
123,VIY,5.12,False
124,VLP,4.09,False
125,VLY,4.51,True
126,VPP,5.05,False
127,VQV,5.06,True
128,VRP,5.66,False
129,VSP,5.0,False
130,VSW,4.63,False
131,VTR,3.87,False
132,VVF,4.45,False
133,VVV,4.37,True
134,VWY,5.03,True
135,VYP,3.83,False
136,YPF,4.4,False
137,YPR,4.78,False
138,YYY,4.46,True
139,AMY,5.26,False
140,FAP,5.42,False
141,GGY,5.89,False
142,HHL,5.27,False
143,IKW,6.68,True
144,LRY,6.82,False
145,MKY,5.14,False
146,PRY,5.6,False
147,RIY,4.55,False
148,TVY,4.82,False
149,VAP,5.7,False
150,YEY,5.4,False
